NC_003070.9	+	3914	3995
NC_003070.9	+	4277	4485
NC_003070.9	+	4606	4705
NC_003070.9	+	5096	5173
NC_003070.9	+	5327	5438
NC_003070.9	-	7070	7156
NC_003070.9	-	7233	7383
NC_003070.9	-	7448	7563
NC_003070.9	-	7451	7563
NC_003070.9	-	7650	7761
NC_003070.9	-	7836	7941
NC_003070.9	-	7902	8235
NC_003070.9	-	7988	8235
NC_003070.9	-	8326	8416
NC_003070.9	-	8465	8570
NC_003070.9	-	8465	8593
NC_003070.9	+	24452	24541
NC_003070.9	+	24656	24751
NC_003070.9	+	24963	25040
NC_003070.9	+	25744	25824
NC_003070.9	+	25998	26080
NC_003070.9	+	26204	26291
NC_003070.9	+	26453	26542
NC_003070.9	+	26777	26861
NC_003070.9	+	27013	27098
NC_003070.9	+	27282	27371
NC_003070.9	+	27534	27617
NC_003070.9	+	27537	27617
NC_003070.9	+	27714	27802
NC_003070.9	+	28432	28707
NC_003070.9	+	28806	28889
NC_003070.9	+	29081	29159
NC_003070.9	+	30066	30146
NC_003070.9	+	30312	30409
NC_003070.9	+	30817	30901
NC_003070.9	-	31425	31520
NC_003070.9	-	31603	31692
NC_003070.9	-	31814	31932
NC_003070.9	-	31999	32087
NC_003070.9	-	32196	32281
NC_003070.9	-	32348	32430
NC_003070.9	-	32460	32546
NC_003070.9	-	32671	33028
NC_003070.9	-	34328	34400
NC_003070.9	-	35472	35566
NC_003070.9	-	35475	35566
NC_003070.9	-	35648	35729
NC_003070.9	-	35964	36623
NC_003070.9	-	36686	36809
NC_003070.9	-	36922	37022
NC_003070.9	-	37204	37372
NC_003070.9	-	37399	37568
NC_003070.9	-	39288	39408
NC_003070.9	-	39815	40212
NC_003070.9	-	40330	40472
NC_003070.9	-	45560	45645
NC_003070.9	-	45951	46043
NC_003070.9	-	45955	46043
NC_003070.9	-	46146	46375
NC_003070.9	-	47983	48074
NC_003070.9	-	48853	48935
NC_003070.9	-	50338	50418
NC_003070.9	-	50448	50495
NC_003070.9	-	50632	50882
NC_003070.9	-	50964	51125
NC_003070.9	+	53625	53702
NC_003070.9	-	61950	64581
NC_003070.9	-	62125	64750
NC_003070.9	-	64476	64581
NC_003070.9	-	64657	64750
NC_003070.9	-	64808	64900
NC_003070.9	-	65018	65109
NC_003070.9	-	65218	65330
NC_003070.9	-	65441	65562
NC_003070.9	-	65457	65562
NC_003070.9	-	65653	65738
NC_003070.9	-	65865	66106
NC_003070.9	-	66161	66261
NC_003070.9	-	66343	66449
NC_003070.9	-	66558	66677
NC_003070.9	-	66750	66834
NC_003070.9	-	66898	67323
NC_003070.9	+	72670	73086
NC_003070.9	+	73164	73286
NC_003070.9	+	73396	73487
NC_003070.9	+	73741	73821
NC_003070.9	-	74251	74337
NC_003070.9	-	74450	74660
NC_003070.9	-	74456	74660
NC_003070.9	+	89082	89172
NC_003070.9	+	89264	89404
NC_003070.9	+	89580	90161
NC_003070.9	+	91634	91742
NC_003070.9	+	92071	92269
NC_003070.9	+	92090	92269
NC_003070.9	+	92502	92568
NC_003070.9	+	92934	93044
NC_003070.9	+	93172	93270
NC_003070.9	+	94282	94356
NC_003070.9	+	95076	95159
NC_003070.9	+	96158	96553
NC_003070.9	+	97806	98456
NC_003070.9	+	98606	98907
NC_003070.9	+	98606	98933
NC_003070.9	+	100032	100656
NC_003070.9	+	109331	109405
NC_003070.9	+	114434	114618
NC_003070.9	+	115340	115960
NC_003070.9	-	121407	121492
NC_003070.9	-	123502	123578
NC_003070.9	-	123670	123784
NC_003070.9	-	123898	123991
NC_003070.9	-	124124	124210
NC_003070.9	-	124395	124498
NC_003070.9	-	124633	124713
NC_003070.9	-	124819	124920
NC_003070.9	-	125023	125133
NC_003070.9	-	125227	125328
NC_003070.9	-	125656	125741
NC_003070.9	-	125844	125935
NC_003070.9	-	125999	126075
NC_003070.9	-	126590	126685
NC_003070.9	-	126841	126934
NC_003070.9	-	127454	127531
NC_003070.9	-	127574	127650
NC_003070.9	-	127783	127867
NC_003070.9	-	127936	128027
NC_003070.9	-	127953	128027
NC_003070.9	-	128313	128478
NC_003070.9	-	128552	128967
NC_003070.9	-	129061	129852
NC_003070.9	-	129915	130038
NC_003070.9	-	130150	130371
NC_003070.9	-	132745	132823
NC_003070.9	-	133219	133302
NC_003070.9	-	133540	133640
NC_003070.9	-	133753	133910
NC_003070.9	-	134502	134581
NC_003070.9	-	135105	135707
NC_003070.9	+	136235	136666
NC_003070.9	+	136817	136934
NC_003070.9	+	137759	137847
NC_003070.9	+	138779	138874
NC_003070.9	+	142282	142423
NC_003070.9	+	142640	142710
NC_003070.9	+	143825	143933
NC_003070.9	+	143978	144063
NC_003070.9	+	144352	144446
NC_003070.9	+	145005	145131
NC_003070.9	+	147334	147451
NC_003070.9	+	147540	147643
NC_003070.9	-	157757	157828
NC_003070.9	-	158113	158253
NC_003070.9	-	159993	160078
NC_003070.9	-	160303	160417
NC_003070.9	-	160479	160567
NC_003070.9	-	162281	162486
NC_003070.9	+	163517	163933
NC_003070.9	+	164104	164224
NC_003070.9	+	165381	165448
NC_003070.9	+	165657	165982
NC_003070.9	+	171719	171818
NC_003070.9	-	172545	172620
NC_003070.9	-	180583	180678
NC_003070.9	-	180853	181346
NC_003070.9	-	181423	181953
NC_003070.9	-	181423	182060
NC_003070.9	-	182136	182252
NC_003070.9	+	186010	186339
NC_003070.9	+	187823	188010
NC_003070.9	+	188177	188283
NC_003070.9	+	188415	188528
NC_003070.9	+	189321	189416
NC_003070.9	+	189465	189561
NC_003070.9	+	189676	189764
NC_003070.9	+	190829	190940
NC_003070.9	+	190999	191137
NC_003070.9	+	191259	191340
NC_003070.9	+	191476	191578
NC_003070.9	+	191890	191966
NC_003070.9	+	196543	197114
NC_003070.9	+	197220	197299
NC_003070.9	+	197423	197500
NC_003070.9	+	197672	197774
NC_003070.9	+	197905	197973
NC_003070.9	+	198184	198266
NC_003070.9	+	199764	199889
NC_003070.9	+	199764	200510
NC_003070.9	+	199960	200510
NC_003070.9	+	201072	201162
NC_003070.9	+	202509	202781
NC_003070.9	+	202912	202990
NC_003070.9	+	203129	203266
NC_003070.9	+	203600	203759
NC_003070.9	+	203944	204028
NC_003070.9	+	207244	207324
NC_003070.9	+	209609	209763
NC_003070.9	+	212574	212670
NC_003070.9	+	219622	219751
NC_003070.9	-	222360	222621
NC_003070.9	-	223097	223550
NC_003070.9	-	223867	223944
NC_003070.9	-	226082	226170
NC_003070.9	-	226312	226395
NC_003070.9	-	226692	226848
NC_003070.9	+	226694	226851
NC_003070.9	+	229344	229428
NC_003070.9	+	229725	229828
NC_003070.9	+	229935	230348
NC_003070.9	+	230460	230558
NC_003070.9	-	231656	231783
NC_003070.9	-	233298	233386
NC_003070.9	-	233471	233547
NC_003070.9	-	233619	234249
NC_003070.9	-	234393	234528
NC_003070.9	-	234622	234934
NC_003070.9	-	234989	235197
NC_003070.9	-	235361	235717
NC_003070.9	-	235753	235844
NC_003070.9	-	236028	236144
NC_003070.9	-	236286	236428
NC_003070.9	-	236297	236428
NC_003070.9	-	236549	236672
NC_003070.9	-	236744	236864
NC_003070.9	-	236785	236864
NC_003070.9	-	237024	237503
NC_003070.9	-	237304	237503
NC_003070.9	-	240673	240743
NC_003070.9	-	241227	241305
NC_003070.9	-	241444	241538
NC_003070.9	-	241720	241804
NC_003070.9	-	243747	244034
NC_003070.9	-	244183	244256
NC_003070.9	-	244362	244504
NC_003070.9	-	244636	244769
NC_003070.9	-	244874	245150
NC_003070.9	-	245265	245876
NC_003070.9	-	246609	246730
NC_003070.9	-	246854	246948
NC_003070.9	-	247079	247166
NC_003070.9	-	247269	247361
NC_003070.9	+	247288	247370
NC_003070.9	-	247493	247576
NC_003070.9	+	249307	249488
NC_003070.9	+	249931	250013
NC_003070.9	+	249931	250016
NC_003070.9	+	250152	250535
NC_003070.9	+	250864	251003
NC_003070.9	+	251067	251142
NC_003070.9	+	251067	251398
NC_003070.9	+	251317	251398
NC_003070.9	+	251828	251921
NC_003070.9	+	252007	252120
NC_003070.9	-	260418	260507
NC_003070.9	-	260583	260669
NC_003070.9	-	260825	260920
NC_003070.9	-	261038	261128
NC_003070.9	+	262966	263046
NC_003070.9	+	263140	263231
NC_003070.9	+	263300	263368
NC_003070.9	+	263445	263525
NC_003070.9	+	263573	263644
NC_003070.9	+	263771	263856
NC_003070.9	+	263935	264072
NC_003070.9	+	264112	264279
NC_003070.9	+	264161	264279
NC_003070.9	+	264393	264519
NC_003070.9	+	264583	264656
NC_003070.9	+	264713	264796
NC_003070.9	+	264902	265020
NC_003070.9	+	265078	265335
NC_003070.9	+	265438	265577
NC_003070.9	+	265442	265577
NC_003070.9	+	265627	265776
NC_003070.9	+	265846	265943
NC_003070.9	+	265846	265951
NC_003070.9	+	267578	267676
NC_003070.9	+	268631	268716
NC_003070.9	+	268995	269082
NC_003070.9	-	270091	270621
NC_003070.9	+	271290	271378
NC_003070.9	+	271434	271540
NC_003070.9	-	272332	272444
NC_003070.9	-	272363	272444
NC_003070.9	-	272532	272650
NC_003070.9	-	272556	272650
NC_003070.9	-	272984	273063
NC_003070.9	-	273150	273233
NC_003070.9	-	273340	273428
NC_003070.9	-	273563	273652
NC_003070.9	-	273789	273862
NC_003070.9	-	274084	274166
NC_003070.9	-	274250	274383
NC_003070.9	-	276520	276705
NC_003070.9	-	276794	276869
NC_003070.9	-	276990	277076
NC_003070.9	-	277607	277716
NC_003070.9	-	277864	277946
NC_003070.9	-	278253	278315
NC_003070.9	+	278810	278886
NC_003070.9	+	279089	279165
NC_003070.9	+	279241	279326
NC_003070.9	+	279426	279535
NC_003070.9	+	279577	279796
NC_003070.9	+	279911	279973
NC_003070.9	+	280089	280179
NC_003070.9	+	280371	280448
NC_003070.9	+	280569	280656
NC_003070.9	+	280738	280888
NC_003070.9	+	281122	281308
NC_003070.9	+	281349	281437
NC_003070.9	+	281537	281758
NC_003070.9	+	282190	282483
NC_003070.9	+	282767	282848
NC_003070.9	+	283054	283131
NC_003070.9	+	283232	283313
NC_003070.9	+	283337	283443
NC_003070.9	+	283534	283812
NC_003070.9	+	284636	284721
NC_003070.9	+	286352	286451
NC_003070.9	+	286352	286477
NC_003070.9	+	286624	286716
NC_003070.9	+	286808	286908
NC_003070.9	+	286808	286924
NC_003070.9	+	286808	286996
NC_003070.9	+	287134	287220
NC_003070.9	+	287281	287394
NC_003070.9	+	287515	287641
NC_003070.9	+	287711	287788
NC_003070.9	+	287855	288086
NC_003070.9	+	288177	288261
NC_003070.9	+	288177	288400
NC_003070.9	+	288337	288431
NC_003070.9	+	288506	288592
NC_003070.9	+	288722	288881
NC_003070.9	+	289092	289236
NC_003070.9	+	289387	289538
NC_003070.9	+	289593	289717
NC_003070.9	+	289777	290027
NC_003070.9	+	290095	290169
NC_003070.9	+	290347	290438
NC_003070.9	+	290496	290577
NC_003070.9	+	290653	290746
NC_003070.9	+	293410	293499
NC_003070.9	+	293753	294054
NC_003070.9	+	294121	294209
NC_003070.9	+	294387	294510
NC_003070.9	-	296249	296361
NC_003070.9	-	296536	296625
NC_003070.9	-	296701	296781
NC_003070.9	-	296863	296950
NC_003070.9	-	297026	297100
NC_003070.9	-	297176	297531
NC_003070.9	-	297744	298012
NC_003070.9	-	298287	298659
NC_003070.9	-	300516	300602
NC_003070.9	-	300666	300751
NC_003070.9	-	300827	301487
NC_003070.9	-	304505	304696
NC_003070.9	-	304808	304879
NC_003070.9	-	304964	305037
NC_003070.9	-	305091	305173
NC_003070.9	-	305259	305346
NC_003070.9	-	305443	305546
NC_003070.9	-	305703	305784
NC_003070.9	-	305935	306044
NC_003070.9	-	308071	308147
NC_003070.9	+	310982	311336
NC_003070.9	-	313453	313566
NC_003070.9	-	313760	313879
NC_003070.9	-	313996	314086
NC_003070.9	-	314226	314440
NC_003070.9	-	314552	314651
NC_003070.9	-	314803	314890
NC_003070.9	-	315016	315576
NC_003070.9	+	316441	316538
NC_003070.9	+	316714	316791
NC_003070.9	+	317091	317166
NC_003070.9	+	317194	317293
NC_003070.9	+	317440	317552
NC_003070.9	+	317643	317759
NC_003070.9	+	317643	317764
NC_003070.9	+	317846	317978
NC_003070.9	+	318041	318144
NC_003070.9	+	318202	318361
NC_003070.9	+	318434	318564
NC_003070.9	+	318814	318985
NC_003070.9	+	319102	319203
NC_003070.9	+	319297	319371
NC_003070.9	-	320146	320251
NC_003070.9	-	320297	320379
NC_003070.9	-	320458	320768
NC_003070.9	-	321423	321750
NC_003070.9	-	322407	322512
NC_003070.9	+	323085	323207
NC_003070.9	+	323283	323678
NC_003070.9	+	323841	324257
NC_003070.9	+	324417	324635
NC_003070.9	+	325642	325912
NC_003070.9	+	326014	326105
NC_003070.9	+	326229	326331
NC_003070.9	+	326518	326593
NC_003070.9	+	326816	326930
NC_003070.9	+	327085	327236
NC_003070.9	+	327387	327487
NC_003070.9	+	327577	327662
NC_003070.9	+	328323	328423
NC_003070.9	+	328556	328897
NC_003070.9	+	329031	329118
NC_003070.9	+	329212	329310
NC_003070.9	+	329437	329572
NC_003070.9	+	329699	329780
NC_003070.9	+	329925	330026
NC_003070.9	+	330156	330242
NC_003070.9	-	331424	331533
NC_003070.9	-	332184	332275
NC_003070.9	-	332634	332723
NC_003070.9	-	333046	333128
NC_003070.9	-	333629	333904
NC_003070.9	-	334179	334470
NC_003070.9	-	334764	334898
NC_003070.9	-	335318	335418
NC_003070.9	-	335322	335418
NC_003070.9	-	335774	335915
NC_003070.9	-	336234	336416
NC_003070.9	+	338988	339125
NC_003070.9	+	348268	348372
NC_003070.9	+	348455	348561
NC_003070.9	+	348641	348734
NC_003070.9	+	348786	348879
NC_003070.9	+	348977	349066
NC_003070.9	+	349100	349237
NC_003070.9	+	349367	349549
NC_003070.9	+	349721	349802
NC_003070.9	+	349887	350048
NC_003070.9	+	350148	350225
NC_003070.9	+	350297	350473
NC_003070.9	+	350571	350657
NC_003070.9	+	350784	350870
NC_003070.9	+	350967	351043
NC_003070.9	+	351161	351251
NC_003070.9	+	351330	351411
NC_003070.9	+	351633	351728
NC_003070.9	+	351820	351911
NC_003070.9	+	352002	352125
NC_003070.9	-	353163	353237
NC_003070.9	-	353513	353947
NC_003070.9	+	373787	373891
NC_003070.9	+	374190	374271
NC_003070.9	+	374501	374582
NC_003070.9	+	374923	375124
NC_003070.9	+	375454	375527
NC_003070.9	+	375720	375807
NC_003070.9	+	376003	376113
NC_003070.9	+	376252	376351
NC_003070.9	+	376475	376561
NC_003070.9	+	376816	376924
NC_003070.9	+	377029	377210
NC_003070.9	+	377306	377390
NC_003070.9	+	377616	377880
NC_003070.9	+	378037	378106
NC_003070.9	+	378037	378118
NC_003070.9	+	378192	378297
NC_003070.9	+	378366	378503
NC_003070.9	+	378650	378745
NC_003070.9	+	378855	378942
NC_003070.9	+	379090	379182
NC_003070.9	+	379231	379304
NC_003070.9	+	379434	379527
NC_003070.9	+	379771	379865
NC_003070.9	+	380004	380088
NC_003070.9	+	380175	380269
NC_003070.9	+	380376	380601
NC_003070.9	+	380698	380845
NC_003070.9	+	380999	381149
NC_003070.9	+	381333	381404
NC_003070.9	+	381635	381729
NC_003070.9	+	381833	381911
NC_003070.9	+	382041	382126
NC_003070.9	+	382172	382372
NC_003070.9	+	382568	382802
NC_003070.9	+	382930	383029
NC_003070.9	+	383131	383394
NC_003070.9	+	383530	383607
NC_003070.9	+	383689	384083
NC_003070.9	+	384231	384317
NC_003070.9	+	384450	384557
NC_003070.9	+	384606	384693
NC_003070.9	+	384841	384907
NC_003070.9	+	384970	385170
NC_003070.9	+	385325	385431
NC_003070.9	+	385624	385712
NC_003070.9	+	385818	385908
NC_003070.9	+	386044	386132
NC_003070.9	+	386334	386427
NC_003070.9	-	387504	387583
NC_003070.9	-	387656	388267
NC_003070.9	-	387673	388267
NC_003070.9	-	388407	388538
NC_003070.9	-	388610	388715
NC_003070.9	-	388761	388850
NC_003070.9	-	388941	389049
NC_003070.9	-	389139	389225
NC_003070.9	-	389302	389409
NC_003070.9	+	389944	390036
NC_003070.9	+	389944	390052
NC_003070.9	+	389944	390093
NC_003070.9	+	390251	390351
NC_003070.9	+	390400	390482
NC_003070.9	+	390565	390761
NC_003070.9	+	390865	391002
NC_003070.9	+	390865	391025
NC_003070.9	+	391124	391215
NC_003070.9	+	391264	391457
NC_003070.9	+	391542	391651
NC_003070.9	+	391717	392020
NC_003070.9	+	392171	392261
NC_003070.9	+	392301	392373
NC_003070.9	+	392496	392575
NC_003070.9	+	393876	393965
NC_003070.9	+	394154	394227
NC_003070.9	+	394452	394671
NC_003070.9	+	395947	396028
NC_003070.9	+	396089	396166
NC_003070.9	+	396218	396290
NC_003070.9	+	396357	396438
NC_003070.9	+	396535	396608
NC_003070.9	+	396726	396792
NC_003070.9	+	396859	396940
NC_003070.9	+	396864	396940
NC_003070.9	+	397099	397249
NC_003070.9	+	397099	397702
NC_003070.9	+	397744	397876
NC_003070.9	+	397965	398064
NC_003070.9	+	398152	398291
NC_003070.9	+	398347	398459
NC_003070.9	+	398527	398613
NC_003070.9	+	398714	398904
NC_003070.9	+	398967	399067
NC_003070.9	+	399111	399181
NC_003070.9	+	399394	399483
NC_003070.9	-	400447	400724
NC_003070.9	-	400829	400930
NC_003070.9	-	401087	401163
NC_003070.9	-	401236	401322
NC_003070.9	-	401371	401460
NC_003070.9	-	401509	401594
NC_003070.9	-	401668	401774
NC_003070.9	-	403527	403770
NC_003070.9	-	403948	404185
NC_003070.9	+	404670	404756
NC_003070.9	+	404843	404911
NC_003070.9	+	404954	405064
NC_003070.9	+	405111	405229
NC_003070.9	+	405317	405429
NC_003070.9	+	405486	405647
NC_003070.9	+	405766	405892
NC_003070.9	+	405952	406060
NC_003070.9	+	406133	406246
NC_003070.9	+	406311	406409
NC_003070.9	+	406311	406414
NC_003070.9	+	406519	406708
NC_003070.9	+	406519	406720
NC_003070.9	+	406793	406902
NC_003070.9	+	406990	407079
NC_003070.9	+	407148	407320
NC_003070.9	+	407390	407467
NC_003070.9	+	407390	407472
NC_003070.9	+	407551	407721
NC_003070.9	+	407822	408072
NC_003070.9	+	408139	408235
NC_003070.9	+	408330	408407
NC_003070.9	+	409139	409218
NC_003070.9	+	410894	411176
NC_003070.9	+	411254	411335
NC_003070.9	+	412259	412459
NC_003070.9	+	412791	412882
NC_003070.9	+	413004	413079
NC_003070.9	+	413296	413366
NC_003070.9	-	414218	414423
NC_003070.9	+	415962	420513
NC_003070.9	+	417163	417247
NC_003070.9	+	418878	418986
NC_003070.9	+	419211	419296
NC_003070.9	+	419530	419674
NC_003070.9	+	419895	420513
NC_003070.9	+	420890	420983
NC_003070.9	+	421092	421190
NC_003070.9	+	421392	421525
NC_003070.9	+	421634	421734
NC_003070.9	+	421909	421980
NC_003070.9	-	429100	429247
NC_003070.9	-	429371	429461
NC_003070.9	-	429777	429850
NC_003070.9	-	430317	430413
NC_003070.9	-	435324	435449
NC_003070.9	-	435564	435649
NC_003070.9	-	435917	435996
NC_003070.9	-	436129	436276
NC_003070.9	-	436540	436621
NC_003070.9	-	441014	441135
NC_003070.9	-	441326	441397
NC_003070.9	-	442621	442717
NC_003070.9	-	443526	443628
NC_003070.9	-	443737	443978
NC_003070.9	-	444090	444257
NC_003070.9	-	444384	444488
NC_003070.9	-	444598	444682
NC_003070.9	-	444760	444845
NC_003070.9	-	445067	445453
NC_003070.9	-	445560	445647
NC_003070.9	-	445753	445843
NC_003070.9	-	445943	446029
NC_003070.9	-	448734	448811
NC_003070.9	-	448974	449054
NC_003070.9	-	449124	449224
NC_003070.9	-	449490	449713
NC_003070.9	-	449839	449938
NC_003070.9	-	450047	450150
NC_003070.9	-	450259	450360
NC_003070.9	-	452067	452582
NC_003070.9	+	453366	453593
NC_003070.9	+	453648	453729
NC_003070.9	+	453648	456313
NC_003070.9	+	453811	453906
NC_003070.9	+	453811	456489
NC_003070.9	+	454064	454169
NC_003070.9	+	454064	454314
NC_003070.9	+	454175	454314
NC_003070.9	+	454337	454414
NC_003070.9	+	454541	454621
NC_003070.9	+	454541	457210
NC_003070.9	+	454841	454926
NC_003070.9	+	455041	455111
NC_003070.9	+	455041	457715
NC_003070.9	+	455148	455241
NC_003070.9	+	455148	457839
NC_003070.9	+	455903	456177
NC_003070.9	+	456232	456313
NC_003070.9	+	456395	456489
NC_003070.9	+	456762	456842
NC_003070.9	+	456918	457009
NC_003070.9	+	457136	457210
NC_003070.9	+	457430	457513
NC_003070.9	+	457628	457715
NC_003070.9	+	457752	457839
NC_003070.9	-	462384	462474
NC_003070.9	-	462633	462726
NC_003070.9	-	462801	462875
NC_003070.9	-	463000	463122
NC_003070.9	-	463324	463420
NC_003070.9	-	464524	464761
NC_003070.9	+	469972	470346
NC_003070.9	+	470483	470573
NC_003070.9	+	481620	482269
NC_003070.9	+	487365	488719
NC_003070.9	+	489063	489145
NC_003070.9	+	491007	491233
NC_003070.9	+	491380	491487
NC_003070.9	+	491804	491906
NC_003070.9	+	491960	492085
NC_003070.9	+	492159	492247
NC_003070.9	+	492353	492442
NC_003070.9	+	492524	492606
NC_003070.9	-	497092	497164
NC_003070.9	-	505408	505498
NC_003070.9	-	505584	505844
NC_003070.9	-	506053	506136
NC_003070.9	-	506185	506366
NC_003070.9	-	506535	506643
NC_003070.9	-	512122	512213
NC_003070.9	-	512431	512524
NC_003070.9	-	513247	513331
NC_003070.9	-	514035	514105
NC_003070.9	-	514185	514270
NC_003070.9	-	514319	514421
NC_003070.9	-	514471	514552
NC_003070.9	-	514606	514704
NC_003070.9	-	514801	514891
NC_003070.9	-	514992	515092
NC_003070.9	-	514999	515092
NC_003070.9	+	518379	519032
NC_003070.9	+	518379	519035
NC_003070.9	+	524437	530181
NC_003070.9	+	530100	530181
NC_003070.9	+	538131	538208
NC_003070.9	+	538329	538418
NC_003070.9	+	538534	538626
NC_003070.9	+	538720	538807
NC_003070.9	+	538854	538935
NC_003070.9	+	539009	539254
NC_003070.9	+	539290	539390
NC_003070.9	+	539290	539728
NC_003070.9	+	539480	539610
NC_003070.9	-	554614	554795
NC_003070.9	-	554864	555571
NC_003070.9	+	564698	565432
NC_003070.9	+	565712	565783
NC_003070.9	-	573253	573337
NC_003070.9	-	573954	574119
NC_003070.9	+	579526	579646
NC_003070.9	+	579968	580049
NC_003070.9	+	580746	581069
NC_003070.9	+	581187	581277
NC_003070.9	+	581316	581496
NC_003070.9	+	581557	581643
NC_003070.9	+	581719	581814
NC_003070.9	+	584957	585052
NC_003070.9	+	585145	585236
NC_003070.9	+	585686	585778
NC_003070.9	+	585943	586022
NC_003070.9	+	586321	586438
NC_003070.9	+	586567	586648
NC_003070.9	+	588541	588662
NC_003070.9	+	593230	593865
NC_003070.9	-	596479	596571
NC_003070.9	-	599813	599891
NC_003070.9	-	599977	600064
NC_003070.9	-	600235	600433
NC_003070.9	-	600514	600720
NC_003070.9	-	600977	601226
NC_003070.9	-	601373	601546
NC_003070.9	-	601561	601652
NC_003070.9	-	601707	601811
NC_003070.9	+	602755	602979
NC_003070.9	+	603126	603600
NC_003070.9	+	603679	603774
NC_003070.9	-	608148	608241
NC_003070.9	-	608310	608397
NC_003070.9	-	608712	608815
NC_003070.9	-	608939	609279
NC_003070.9	+	626829	626912
NC_003070.9	+	626829	626916
NC_003070.9	+	627005	627099
NC_003070.9	+	627166	627307
NC_003070.9	+	627383	627481
NC_003070.9	+	627615	627700
NC_003070.9	+	627748	627834
NC_003070.9	+	627893	627969
NC_003070.9	+	628020	628088
NC_003070.9	+	628020	628111
NC_003070.9	+	628169	628245
NC_003070.9	+	628169	628250
NC_003070.9	+	628470	628776
NC_003070.9	+	628470	629287
NC_003070.9	+	628857	628934
NC_003070.9	+	629322	629417
NC_003070.9	+	629495	629579
NC_003070.9	+	630704	630831
NC_003070.9	+	630896	630977
NC_003070.9	+	631034	631103
NC_003070.9	+	631180	631264
NC_003070.9	+	631337	631430
NC_003070.9	+	631519	631602
NC_003070.9	+	631859	632008
NC_003070.9	+	632044	632127
NC_003070.9	+	632349	632420
NC_003070.9	+	632450	632527
NC_003070.9	+	632616	632715
NC_003070.9	+	632807	632883
NC_003070.9	+	635652	635738
NC_003070.9	+	635987	636080
NC_003070.9	+	636730	636827
NC_003070.9	+	636887	636977
NC_003070.9	-	637515	637601
NC_003070.9	-	637724	638257
NC_003070.9	-	639021	641428
NC_003070.9	-	643209	643304
NC_003070.9	-	643555	643643
NC_003070.9	-	643746	643876
NC_003070.9	-	643950	644159
NC_003070.9	-	644257	644349
NC_003070.9	-	644262	644349
NC_003070.9	-	645486	645574
NC_003070.9	-	645680	645754
NC_003070.9	-	645815	645898
NC_003070.9	-	646038	646125
NC_003070.9	-	646311	646405
NC_003070.9	-	646490	646566
NC_003070.9	-	646690	646776
NC_003070.9	-	646957	647037
NC_003070.9	-	647108	647183
NC_003070.9	-	647281	647366
NC_003070.9	-	647443	647530
NC_003070.9	-	647621	647702
NC_003070.9	-	647808	647923
NC_003070.9	-	647996	648101
NC_003070.9	-	648276	648361
NC_003070.9	-	648433	648507
NC_003070.9	-	648657	648765
NC_003070.9	-	648830	648910
NC_003070.9	-	649140	649367
NC_003070.9	-	649460	649550
NC_003070.9	-	649676	649761
NC_003070.9	-	650439	650562
NC_003070.9	-	650710	650790
NC_003070.9	-	650905	651127
NC_003070.9	-	651220	651319
NC_003070.9	-	651540	651710
NC_003070.9	-	655824	655932
NC_003070.9	-	655824	655937
NC_003070.9	-	656030	656133
NC_003070.9	-	656235	656316
NC_003070.9	-	656496	656587
NC_003070.9	-	656506	656587
NC_003070.9	-	656746	656826
NC_003070.9	-	656756	656826
NC_003070.9	-	657059	657141
NC_003070.9	-	657278	657391
NC_003070.9	-	657496	657855
NC_003070.9	-	659317	659422
NC_003070.9	-	659317	661900
NC_003070.9	-	659472	659555
NC_003070.9	-	661791	661900
NC_003070.9	-	661950	662041
NC_003070.9	-	663664	663759
NC_003070.9	-	663664	666113
NC_003070.9	-	665778	665861
NC_003070.9	-	665911	666113
NC_003070.9	-	666257	666350
NC_003070.9	-	667069	667150
NC_003070.9	-	667282	667372
NC_003070.9	-	667642	667734
NC_003070.9	-	667864	667956
NC_003070.9	-	667869	667956
NC_003070.9	-	668083	668172
NC_003070.9	-	668469	668612
NC_003070.9	-	668746	668855
NC_003070.9	-	668988	669078
NC_003070.9	-	669135	669226
NC_003070.9	-	669135	672105
NC_003070.9	-	669267	669460
NC_003070.9	-	669514	669619
NC_003070.9	+	674025	674098
NC_003070.9	+	674881	674967
NC_003070.9	+	675078	675186
NC_003070.9	+	675228	675339
NC_003070.9	-	681922	682242
NC_003070.9	-	682404	682731
NC_003070.9	-	682893	683174
NC_003070.9	-	683318	683401
NC_003070.9	-	684778	684863
NC_003070.9	-	685966	686055
NC_003070.9	-	686425	686504
NC_003070.9	-	686606	686678
NC_003070.9	-	686752	686843
NC_003070.9	-	688147	688280
NC_003070.9	-	688365	688457
NC_003070.9	-	688603	688678
NC_003070.9	-	688951	689035
NC_003070.9	-	689159	689250
NC_003070.9	-	689410	689531
NC_003070.9	-	689809	689984
NC_003070.9	-	689814	689980
NC_003070.9	-	689814	689984
NC_003070.9	-	690161	690398
NC_003070.9	-	690174	690398
NC_003070.9	-	690580	690748
NC_003070.9	-	690580	690756
NC_003070.9	-	690899	691120
NC_003070.9	-	691365	691442
NC_003070.9	-	691757	691898
NC_003070.9	-	692079	692174
NC_003070.9	+	701682	701774
NC_003070.9	+	701876	701975
NC_003070.9	+	702020	702105
NC_003070.9	+	702184	702275
NC_003070.9	+	702469	702566
NC_003070.9	+	702598	702678
NC_003070.9	+	702738	702811
NC_003070.9	+	702738	702827
NC_003070.9	+	702902	703011
NC_003070.9	+	703099	703194
NC_003070.9	+	703257	703352
NC_003070.9	+	703382	703481
NC_003070.9	-	704495	704587
NC_003070.9	-	704669	705063
NC_003070.9	-	705130	705301
NC_003070.9	-	705368	705533
NC_003070.9	-	705657	706100
NC_003070.9	-	710137	710240
NC_003070.9	-	710334	710694
NC_003070.9	-	711017	711091
NC_003070.9	-	711185	711262
NC_003070.9	-	711409	711504
NC_003070.9	-	714207	714316
NC_003070.9	-	714464	714557
NC_003070.9	-	714865	715006
NC_003070.9	-	715316	715659
NC_003070.9	-	718663	718934
NC_003070.9	-	720586	720680
NC_003070.9	-	721796	721904
NC_003070.9	-	724120	724274
NC_003070.9	-	724390	724680
NC_003070.9	-	724747	724889
NC_003070.9	-	725082	725235
NC_003070.9	-	725410	725551
NC_003070.9	-	725609	725688
NC_003070.9	-	725825	726036
NC_003070.9	-	726123	726274
NC_003070.9	+	730611	730915
NC_003070.9	-	732742	732927
NC_003070.9	-	737082	737232
NC_003070.9	-	737438	737561
NC_003070.9	+	740051	740123
NC_003070.9	+	740246	740354
NC_003070.9	+	740503	740619
NC_003070.9	+	740758	740969
NC_003070.9	+	741066	741147
NC_003070.9	+	741208	741508
NC_003070.9	+	741602	741683
NC_003070.9	+	741796	741945
NC_003070.9	+	742051	742180
NC_003070.9	+	742318	742501
NC_003070.9	+	742737	742821
NC_003070.9	+	742983	743089
NC_003070.9	+	743204	743300
NC_003070.9	+	743547	743619
NC_003070.9	+	743717	743814
NC_003070.9	+	749496	749784
NC_003070.9	+	749950	750117
NC_003070.9	+	750299	750415
NC_003070.9	+	750473	750556
NC_003070.9	+	750628	750795
NC_003070.9	+	750875	750956
NC_003070.9	+	751017	751119
NC_003070.9	+	751017	751123
NC_003070.9	+	751224	751296
NC_003070.9	+	751358	751427
NC_003070.9	-	754891	755380
NC_003070.9	+	756539	756644
NC_003070.9	+	756736	757553
NC_003070.9	+	757687	757936
NC_003070.9	+	758007	758198
NC_003070.9	+	758260	758349
NC_003070.9	+	761811	761885
NC_003070.9	+	762392	762509
NC_003070.9	+	762415	762509
NC_003070.9	+	762579	763012
NC_003070.9	+	762629	763012
NC_003070.9	+	763211	763298
NC_003070.9	+	763431	763979
NC_003070.9	+	764067	764156
NC_003070.9	+	764598	764698
NC_003070.9	+	764832	765024
NC_003070.9	+	764867	765024
NC_003070.9	+	765256	765484
NC_003070.9	+	765601	765752
NC_003070.9	+	773692	774095
NC_003070.9	+	774154	774230
NC_003070.9	+	774880	774967
NC_003070.9	+	776356	776481
NC_003070.9	+	776763	777150
NC_003070.9	+	777238	777335
NC_003070.9	+	777740	777871
NC_003070.9	+	778334	778485
NC_003070.9	+	778611	778806
NC_003070.9	+	778897	779001
NC_003070.9	+	779081	779173
NC_003070.9	+	779251	779537
NC_003070.9	+	779647	779743
NC_003070.9	+	780837	781080
NC_003070.9	+	781178	782925
NC_003070.9	+	783176	783317
NC_003070.9	+	783597	783680
NC_003070.9	+	783843	783942
NC_003070.9	+	784027	784132
NC_003070.9	-	793732	793828
NC_003070.9	-	793931	793996
NC_003070.9	-	793931	794021
NC_003070.9	-	794181	794327
NC_003070.9	-	794411	794541
NC_003070.9	-	794651	794898
NC_003070.9	-	794970	795101
NC_003070.9	-	794984	795101
NC_003070.9	-	795857	795987
NC_003070.9	-	796019	796535
NC_003070.9	-	796629	796775
NC_003070.9	-	796893	797040
NC_003070.9	-	797128	797312
NC_003070.9	-	797412	797545
NC_003070.9	-	797601	797727
NC_003070.9	-	797790	798000
NC_003070.9	+	799432	799640
NC_003070.9	+	799718	799826
NC_003070.9	+	800466	800628
NC_003070.9	+	801273	801355
NC_003070.9	+	802059	802162
NC_003070.9	+	803118	803200
NC_003070.9	+	803118	803564
NC_003070.9	+	803688	803834
NC_003070.9	+	803958	804246
NC_003070.9	+	804368	804738
NC_003070.9	+	804853	804960
NC_003070.9	+	805071	805166
NC_003070.9	+	805351	805457
NC_003070.9	+	805653	805859
NC_003070.9	+	806088	806195
NC_003070.9	+	806410	806660
NC_003070.9	+	807632	807950
NC_003070.9	+	808018	808228
NC_003070.9	+	808395	808531
NC_003070.9	+	808395	808534
NC_003070.9	+	809215	809408
NC_003070.9	+	809583	809671
NC_003070.9	+	809601	809671
NC_003070.9	+	809789	809910
NC_003070.9	+	810091	810187
NC_003070.9	+	810235	810379
NC_003070.9	+	813582	813928
NC_003070.9	+	813605	813928
NC_003070.9	-	818281	818919
NC_003070.9	-	819079	819294
NC_003070.9	+	819784	819896
NC_003070.9	+	820667	820737
NC_003070.9	+	824814	824890
NC_003070.9	+	824993	825101
NC_003070.9	+	825148	825252
NC_003070.9	+	825343	825421
NC_003070.9	+	825656	825744
NC_003070.9	+	826738	827178
NC_003070.9	+	829183	829720
NC_003070.9	+	831314	831419
NC_003070.9	+	832641	832752
NC_003070.9	+	832936	833083
NC_003070.9	+	833368	833453
NC_003070.9	+	833571	833693
NC_003070.9	+	833571	833778
NC_003070.9	+	833957	834253
NC_003070.9	+	834420	834513
NC_003070.9	+	836329	836768
NC_003070.9	+	837234	837470
NC_003070.9	+	837909	838068
NC_003070.9	+	837951	838068
NC_003070.9	+	838315	838399
NC_003070.9	+	839228	839311
NC_003070.9	+	839470	839677
NC_003070.9	+	839806	839919
NC_003070.9	+	840412	840507
NC_003070.9	-	843147	843230
NC_003070.9	-	843553	843676
NC_003070.9	-	843553	845951
NC_003070.9	-	845034	845113
NC_003070.9	-	845436	845951
NC_003070.9	-	846478	846729
NC_003070.9	+	848098	848182
NC_003070.9	+	848228	848366
NC_003070.9	+	848498	848613
NC_003070.9	+	848498	848641
NC_003070.9	+	848714	848807
NC_003070.9	+	848880	848997
NC_003070.9	+	849071	849178
NC_003070.9	-	861512	861605
NC_003070.9	-	862213	862313
NC_003070.9	-	862394	862487
NC_003070.9	-	862805	863458
NC_003070.9	-	863542	863859
NC_003070.9	-	866942	867408
NC_003070.9	+	869004	869081
NC_003070.9	-	869371	869453
NC_003070.9	-	869553	869657
NC_003070.9	-	869783	869874
NC_003070.9	-	869963	870143
NC_003070.9	-	870228	870312
NC_003070.9	-	870408	870495
NC_003070.9	-	870572	870650
NC_003070.9	-	878457	878539
NC_003070.9	-	878656	878734
NC_003070.9	-	878811	878910
NC_003070.9	-	881877	881977
NC_003070.9	-	882056	882249
NC_003070.9	-	885938	886034
NC_003070.9	-	886101	886195
NC_003070.9	-	886245	886392
NC_003070.9	-	886461	886553
NC_003070.9	-	886600	886695
NC_003070.9	-	886790	886877
NC_003070.9	-	886941	887014
NC_003070.9	-	887138	887224
NC_003070.9	-	887259	887367
NC_003070.9	-	887431	887530
NC_003070.9	-	887636	887724
NC_003070.9	-	887780	889427
NC_003070.9	-	887878	889427
NC_003070.9	-	889525	889768
NC_003070.9	-	894945	895029
NC_003070.9	-	895254	895354
NC_003070.9	-	895473	895582
NC_003070.9	-	895922	896014
NC_003070.9	-	896483	897355
NC_003070.9	+	901397	901485
NC_003070.9	+	901707	901890
NC_003070.9	+	902078	902169
NC_003070.9	+	902348	902424
NC_003070.9	+	907756	907848
NC_003070.9	+	907948	908032
NC_003070.9	+	907948	908038
NC_003070.9	+	908571	908654
NC_003070.9	+	909011	909089
NC_003070.9	-	910482	910859
NC_003070.9	-	917298	917639
NC_003070.9	-	917304	917639
NC_003070.9	+	918602	918867
NC_003070.9	+	919009	919095
NC_003070.9	+	919189	919256
NC_003070.9	+	919189	919266
NC_003070.9	+	919394	919502
NC_003070.9	+	919610	919736
NC_003070.9	+	919610	919740
NC_003070.9	+	919818	919912
NC_003070.9	+	919996	920086
NC_003070.9	+	934709	934784
NC_003070.9	+	935070	935163
NC_003070.9	+	935482	935569
NC_003070.9	+	935798	935881
NC_003070.9	+	936098	936188
NC_003070.9	+	936573	936654
NC_003070.9	+	938531	938633
NC_003070.9	+	938531	938677
NC_003070.9	+	940368	940452
NC_003070.9	+	940679	940772
NC_003070.9	-	941268	941365
NC_003070.9	-	941432	941536
NC_003070.9	-	941573	941693
NC_003070.9	-	941795	941914
NC_003070.9	-	941949	942030
NC_003070.9	-	942106	942186
NC_003070.9	-	942821	942979
NC_003070.9	-	943040	943122
NC_003070.9	+	945169	945471
NC_003070.9	+	945531	945779
NC_003070.9	+	945862	945951
NC_003070.9	+	946211	946308
NC_003070.9	+	946813	946893
NC_003070.9	+	947294	947398
NC_003070.9	-	948993	949075
NC_003070.9	-	949453	949540
NC_003070.9	-	949622	949733
NC_003070.9	-	950795	950880
NC_003070.9	-	951042	951125
NC_003070.9	-	963322	963468
NC_003070.9	-	964192	964294
NC_003070.9	-	964627	964738
NC_003070.9	-	964874	964951
NC_003070.9	-	965310	965452
NC_003070.9	-	965889	965995
NC_003070.9	-	976502	977367
NC_003070.9	-	979800	979890
NC_003070.9	-	980104	980184
NC_003070.9	-	980356	980777
NC_003070.9	-	980895	980986
NC_003070.9	-	981161	981772
NC_003070.9	+	991747	992442
NC_003070.9	+	992692	992777
NC_003070.9	+	993632	994045
NC_003070.9	+	994207	994353
NC_003070.9	+	994406	994495
NC_003070.9	+	996218	996425
NC_003070.9	+	996735	996847
NC_003070.9	+	996940	997176
NC_003070.9	+	997277	997417
NC_003070.9	+	997277	997421
NC_003070.9	+	997490	997603
NC_003070.9	+	997667	997754
NC_003070.9	+	997896	998419
NC_003070.9	+	998516	998732
NC_003070.9	+	999018	999108
NC_003070.9	+	999412	999503
NC_003070.9	+	999681	999759
